{"stats":{"minecraft:broken":{"minecraft:golden_leggings":1,"minecraft:bow":1,"paladins:golden_mace":1},"minecraft:dropped":{"minecraft:wheat_seeds":2,"minecraft:cobblestone":11,"minecraft:leather_helmet":1,"minecraft:flint":17,"minecraft:dirt":1,"minecraft:wooden_axe":1,"regions_unexplored:spruce_shrub":1,"minecraft:string":7,"regions_unexplored:pine_planks":3,"minecraft:stone_sword":1,"minecraft:wheat":2,"minecraft:filled_map":1,"minecraft:spider_eye":1,"minecraft:stone_pickaxe":1,"minecraft:wooden_pickaxe":1},"minecraft:custom":{"minecraft:interact_with_smithing_table":8,"lootr:looted_stat":108,"minecraft:mob_kills":64,"minecraft:animals_bred":1,"minecraft:interact_with_crafting_table":32,"minecraft:open_barrel":15,"minecraft:interact_with_campfire":1,"minecraft:damage_dealt_resisted":0,"minecraft:leave_game":1,"minecraft:time_since_death":93256,"minecraft:climb_one_cm":5034,"minecraft:sprint_one_cm":137824,"minecraft:walk_one_cm":360340,"minecraft:damage_blocked_by_shield":671,"minecraft:drop":28,"minecraft:talked_to_villager":2,"minecraft:play_time":93256,"minecraft:sneak_time":3502,"minecraft:walk_under_water_one_cm":13043,"minecraft:boat_one_cm":74889,"minecraft:jump":1218,"minecraft:walk_on_water_one_cm":8017,"minecraft:total_world_time":93256,"minecraft:interact_with_furnace":9,"minecraft:sleep_in_bed":1,"minecraft:hex":0,"minecraft:time_since_rest":60140,"minecraft:damage_taken":2151,"minecraft:damage_dealt":11068,"minecraft:swim_one_cm":20962,"minecraft:fly_one_cm":283792,"minecraft:open_chest":1,"minecraft:crouch_one_cm":10664,"minecraft:interact_with_smoker":1,"minecraft:fall_one_cm":22895},"minecraft:killed":{"minecraft:spider":2,"minecraft:vindicator":9,"naturalist:duck":2,"minecraft:skeleton":2,"minecraft:silverfish":5,"aquamirae:maw":1,"mythicmobs:drake":1,"minecraft:pillager":14,"minecraft:zombie":5,"minecraft:stray":15,"minecraft:cow":3},"minecraft:picked_up":{"minecraft:charcoal":1,"minecraft:crafting_table":2,"minecraft:chain":2,"minecraft:string":9,"regions_unexplored:spruce_shrub":2,"regions_unexplored:pine_log":40,"minecraft:spruce_planks":1,"minecraft:beef":5,"naturalist:cooked_duck":1,"minecraft:furnace":1,"naturalist:duck":1,"minecraft:tipped_arrow":4,"minecraft:raw_iron":6,"minecraft:stick":3,"minecraft:sandstone":2,"minecraft:arrow":12,"minecraft:rotten_flesh":4,"minecraft:hay_block":13,"minecraft:cobblestone":59,"minecraft:feather":1,"minecraft:leather":2,"minecraft:golden_leggings":1,"minecraft:flint":17,"fishofthieves:grubs":1,"minecraft:oak_log":2,"minecraft:dirt":1,"minecraft:blue_bed":1,"minecraft:lantern":1,"minecraft:glass":14,"minecraft:bone":8,"frostiful:frost_tipped_arrow":10,"minecraft:wheat_seeds":2,"regions_unexplored:pine_boat":1,"twigs:twig":3,"minecraft:book":6,"regions_unexplored:pine_sapling":8,"regions_unexplored:pine_planks":1,"minecraft:sand":26,"minecraft:stripped_spruce_log":2,"minecraft:spruce_sapling":1,"minecraft:spruce_log":5,"minecraft:spider_eye":1,"minecraft:mossy_cobblestone":1,"minecraft:leather_helmet":2,"minecraft:crossbow":1,"minecraft:emerald":1,"minecraft:coal":47},"minecraft:mined":{"regions_unexplored:spruce_shrub":1,"minecraft:spruce_planks":1,"minecraft:mossy_cobblestone":2,"minecraft:spruce_leaves":4,"regions_unexplored:pine_planks":1,"minecraft:sandstone":2,"minecraft:spawner":2,"minecraft:chiseled_stone_bricks":2,"minecraft:hay_block":14,"minecraft:furnace":1,"minecraft:iron_ore":6,"frostiful:cold_sun_lichen":1,"minecraft:stripped_spruce_log":2,"treechop:chopped_log":6,"regions_unexplored:frozen_grass":2,"minecraft:bookshelf":2,"minecraft:vine":1,"minecraft:packed_ice":7,"regions_unexplored:medium_grass":1,"minecraft:stone":56,"minecraft:glass_pane":2,"minecraft:infested_stone_bricks":1,"minecraft:stone_brick_slab":1,"minecraft:powder_snow":4,"minecraft:polished_granite":1,"minecraft:crafting_table":2,"minecraft:cobblestone":3,"minecraft:blue_bed":1,"minecraft:spruce_stairs":1,"minecraft:chain":2,"minecraft:ice":8,"minecraft:oak_log":2,"minecraft:coal_ore":48,"minecraft:dirt":1,"minecraft:sand":20,"minecraft:cobweb":3},"minecraft:used":{"regions_unexplored:pine_planks":4,"minecraft:stone_sword":84,"immersive_armors:warrior_leggings":1,"minecraft:shield":31,"minecraft:iron_chestplate":1,"paladins:golden_mace":21,"simplyswords:diamond_scythe":9,"minecraft:bow":1,"minecraft:furnace":1,"immersive_armors:prismarine_helmet":1,"minecraft:stone_pickaxe":70,"minecraft:wooden_pickaxe":26,"minecraft:crafting_table":6,"regions_unexplored:pine_boat":1,"minecraft:bread":40,"minecraft:iron_pickaxe":47,"minecraft:stone_axe":56,"simplyswords:diamond_chakram":143,"mcdw:gauntlet_soul_fists":19,"minecraft:cobblestone":11,"naturalist:cooked_duck":1,"travelersbackpack:standard":4,"minecraft:smithing_table":2,"minecraft:cooked_rabbit":3,"minecraft:pumpkin_pie":7,"simplyswords:toxic_longsword":65,"beachparty:rubber_ring_pelican":2},"minecraft:crafted":{"minecraft:oak_planks":8,"minecraft:furnace":1,"travelersbackpack:gold_tier_upgrade":1,"travelersbackpack:white_sleeping_bag":1,"minecraft:stone_pickaxe":1,"minecraft:chest":1,"regions_unexplored:pine_wood":6,"minecraft:wheat":117,"minecraft:crafting_table":5,"minecraft:spruce_planks":16,"minecraft:wooden_pickaxe":1,"travelersbackpack:standard":1,"minecraft:smithing_table":2,"regions_unexplored:pine_boat":1,"minecraft:stone_axe":1,"minecraft:bread":42,"regions_unexplored:pine_planks":44,"minecraft:white_wool":3,"minecraft:stick":8,"minecraft:wooden_axe":1}},"DataVersion":3465}