{"stats":{"minecraft:broken":{"paladins:golden_mace":1},"minecraft:dropped":{"regions_unexplored:pine_planks":3,"minecraft:cobblestone":11,"minecraft:dirt":1,"minecraft:wooden_axe":1,"minecraft:spider_eye":1,"regions_unexplored:spruce_shrub":1},"minecraft:custom":{"lootr:looted_stat":2,"minecraft:mob_kills":14,"minecraft:interact_with_crafting_table":6,"minecraft:damage_dealt_resisted":0,"minecraft:leave_game":1,"minecraft:time_since_death":33256,"minecraft:sleep_in_bed":1,"minecraft:hex":0,"minecraft:time_since_rest":140,"minecraft:sprint_one_cm":74993,"minecraft:damage_taken":784,"minecraft:walk_one_cm":104525,"minecraft:damage_blocked_by_shield":258,"minecraft:drop":16,"minecraft:damage_dealt":2646,"minecraft:swim_one_cm":12376,"minecraft:talked_to_villager":2,"minecraft:fly_one_cm":145230,"minecraft:crouch_one_cm":5191,"minecraft:play_time":33256,"minecraft:sneak_time":1876,"minecraft:walk_under_water_one_cm":7725,"minecraft:boat_one_cm":74889,"minecraft:jump":528,"minecraft:walk_on_water_one_cm":2103,"minecraft:total_world_time":33256,"minecraft:interact_with_smoker":1,"minecraft:fall_one_cm":9449},"minecraft:killed":{"minecraft:spider":2,"naturalist:duck":2,"minecraft:skeleton":1,"minecraft:pillager":3,"minecraft:zombie":5},"minecraft:picked_up":{"minecraft:crafting_table":2,"minecraft:feather":1,"minecraft:oak_log":2,"minecraft:string":2,"minecraft:dirt":1,"regions_unexplored:spruce_shrub":2,"minecraft:bone":1,"frostiful:frost_tipped_arrow":1,"minecraft:wheat_seeds":1,"regions_unexplored:pine_log":40,"twigs:twig":3,"regions_unexplored:pine_boat":1,"minecraft:tipped_arrow":1,"minecraft:stick":2,"minecraft:raw_iron":2,"naturalist:duck":1,"regions_unexplored:pine_sapling":8,"minecraft:spruce_sapling":1,"minecraft:spruce_log":4,"minecraft:spider_eye":1,"minecraft:arrow":3,"minecraft:rotten_flesh":4,"minecraft:hay_block":4,"minecraft:emerald":1,"minecraft:coal":31,"minecraft:cobblestone":39},"minecraft:mined":{"regions_unexplored:spruce_shrub":1,"minecraft:powder_snow":4,"minecraft:crafting_table":2,"minecraft:spruce_leaves":4,"minecraft:spruce_stairs":1,"minecraft:hay_block":5,"minecraft:iron_ore":2,"minecraft:ice":8,"frostiful:cold_sun_lichen":1,"treechop:chopped_log":6,"regions_unexplored:frozen_grass":2,"minecraft:coal_ore":32,"minecraft:oak_log":2,"minecraft:dirt":1,"regions_unexplored:medium_grass":1,"minecraft:stone":39},"minecraft:used":{"minecraft:stone_sword":84,"minecraft:stone_pickaxe":58,"minecraft:wooden_pickaxe":26,"minecraft:shield":14,"minecraft:crafting_table":3,"paladins:golden_mace":21,"regions_unexplored:pine_boat":1,"minecraft:bread":17,"minecraft:stone_axe":50,"immersive_armors:prismarine_helmet":1},"minecraft:crafted":{"minecraft:oak_planks":8,"minecraft:crafting_table":3,"minecraft:spruce_planks":16,"minecraft:wooden_pickaxe":1,"regions_unexplored:pine_boat":1,"minecraft:stone_axe":1,"regions_unexplored:pine_planks":12,"minecraft:stick":8,"minecraft:stone_pickaxe":1,"minecraft:wooden_axe":1,"regions_unexplored:pine_wood":3}},"DataVersion":3465}