{"stats":{"minecraft:dropped":{"minecraft:wooden_axe":1,"minecraft:cobblestone":11},"minecraft:custom":{"minecraft:time_since_rest":21256,"minecraft:sprint_one_cm":50702,"minecraft:damage_taken":450,"minecraft:walk_one_cm":62927,"minecraft:damage_blocked_by_shield":158,"minecraft:mob_kills":9,"minecraft:drop":12,"minecraft:damage_dealt":1861,"minecraft:interact_with_crafting_table":5,"minecraft:fly_one_cm":91877,"minecraft:crouch_one_cm":4636,"minecraft:play_time":21256,"minecraft:sneak_time":1666,"minecraft:jump":348,"minecraft:damage_dealt_resisted":0,"minecraft:leave_game":1,"minecraft:time_since_death":21256,"minecraft:total_world_time":21256,"minecraft:hex":0,"minecraft:fall_one_cm":6628},"minecraft:killed":{"minecraft:skeleton":1,"minecraft:pillager":3,"minecraft:zombie":2,"minecraft:spider":2},"minecraft:picked_up":{"minecraft:tipped_arrow":1,"minecraft:stick":2,"minecraft:raw_iron":2,"regions_unexplored:pine_sapling":8,"minecraft:oak_log":2,"minecraft:spruce_sapling":1,"minecraft:spruce_log":4,"minecraft:dirt":1,"minecraft:spider_eye":1,"minecraft:string":2,"regions_unexplored:spruce_shrub":1,"minecraft:arrow":3,"minecraft:bone":1,"frostiful:frost_tipped_arrow":1,"minecraft:rotten_flesh":2,"minecraft:wheat_seeds":1,"regions_unexplored:pine_log":40,"minecraft:emerald":1,"twigs:twig":3,"minecraft:coal":31,"minecraft:cobblestone":39},"minecraft:mined":{"regions_unexplored:spruce_shrub":1,"minecraft:iron_ore":2,"frostiful:cold_sun_lichen":1,"minecraft:powder_snow":4,"treechop:chopped_log":6,"regions_unexplored:frozen_grass":2,"minecraft:oak_log":2,"minecraft:coal_ore":32,"minecraft:dirt":1,"regions_unexplored:medium_grass":1,"minecraft:spruce_leaves":4,"minecraft:stone":39},"minecraft:used":{"minecraft:stone_sword":78,"minecraft:bread":12,"minecraft:stone_pickaxe":50,"minecraft:shield":10,"minecraft:wooden_pickaxe":26,"minecraft:stone_axe":39,"minecraft:crafting_table":2},"minecraft:crafted":{"minecraft:oak_planks":8,"minecraft:crafting_table":2,"minecraft:spruce_planks":16,"minecraft:stick":8,"minecraft:wooden_pickaxe":1,"minecraft:stone_pickaxe":1,"minecraft:wooden_axe":1,"minecraft:stone_axe":1}},"DataVersion":3465}