{"stats":{"minecraft:custom":{"minecraft:time_since_rest":4462,"minecraft:crouch_one_cm":1088,"minecraft:play_time":4462,"minecraft:sprint_one_cm":8020,"minecraft:damage_taken":80,"minecraft:walk_one_cm":9422,"minecraft:damage_blocked_by_shield":45,"minecraft:sneak_time":449,"minecraft:mob_kills":2,"minecraft:jump":57,"minecraft:leave_game":1,"minecraft:damage_dealt":476,"minecraft:time_since_death":4462,"minecraft:total_world_time":4462,"minecraft:hex":0,"minecraft:interact_with_crafting_table":3,"minecraft:fall_one_cm":2415,"minecraft:fly_one_cm":15111},"minecraft:killed":{"minecraft:pillager":2},"minecraft:picked_up":{"minecraft:arrow":3,"minecraft:spruce_sapling":1,"minecraft:emerald":1,"minecraft:spruce_log":4,"minecraft:cobblestone":11},"minecraft:mined":{"minecraft:stone":12,"minecraft:spruce_leaves":1,"treechop:chopped_log":2,"regions_unexplored:frozen_grass":1},"minecraft:used":{"minecraft:stone_sword":18,"minecraft:crafting_table":1,"minecraft:bread":2,"minecraft:wooden_pickaxe":12,"minecraft:shield":4},"minecraft:crafted":{"minecraft:crafting_table":1,"minecraft:spruce_planks":16,"minecraft:stick":4,"minecraft:wooden_pickaxe":1}},"DataVersion":3465}