{"stats":{"minecraft:custom":{"minecraft:time_since_rest":9256,"minecraft:sprint_one_cm":15735,"minecraft:damage_taken":295,"minecraft:walk_one_cm":30415,"minecraft:damage_blocked_by_shield":148,"minecraft:mob_kills":6,"minecraft:damage_dealt":1283,"minecraft:interact_with_crafting_table":4,"minecraft:fly_one_cm":22766,"minecraft:crouch_one_cm":1307,"minecraft:play_time":9256,"minecraft:sneak_time":539,"minecraft:jump":101,"minecraft:damage_dealt_resisted":0,"minecraft:leave_game":1,"minecraft:time_since_death":9256,"minecraft:total_world_time":9256,"minecraft:hex":0,"minecraft:fall_one_cm":3042},"minecraft:killed":{"minecraft:skeleton":1,"minecraft:pillager":3,"minecraft:zombie":1},"minecraft:picked_up":{"minecraft:tipped_arrow":1,"minecraft:spruce_sapling":1,"minecraft:spruce_log":4,"minecraft:arrow":3,"minecraft:bone":1,"frostiful:frost_tipped_arrow":1,"minecraft:emerald":1,"minecraft:coal":14,"minecraft:cobblestone":37},"minecraft:mined":{"frostiful:cold_sun_lichen":1,"treechop:chopped_log":2,"regions_unexplored:frozen_grass":1,"minecraft:coal_ore":14,"regions_unexplored:medium_grass":1,"minecraft:spruce_leaves":2,"minecraft:stone":37},"minecraft:used":{"minecraft:stone_sword":47,"minecraft:bread":4,"minecraft:stone_pickaxe":28,"minecraft:shield":9,"minecraft:wooden_pickaxe":26,"minecraft:crafting_table":1},"minecraft:crafted":{"minecraft:crafting_table":1,"minecraft:spruce_planks":16,"minecraft:stick":4,"minecraft:wooden_pickaxe":1,"minecraft:stone_pickaxe":1}},"DataVersion":3465}