{"stats":{"minecraft:broken":{"minecraft:golden_leggings":1,"minecraft:bow":1,"paladins:golden_mace":1},"minecraft:crafted":{"minecraft:oak_planks":8,"minecraft:furnace":1,"travelersbackpack:blank_upgrade":4,"travelersbackpack:gold_tier_upgrade":1,"travelersbackpack:white_sleeping_bag":1,"minecraft:iron_axe":1,"minecraft:stone_pickaxe":1,"minecraft:chest":2,"regions_unexplored:pine_wood":6,"minecraft:wheat":117,"travelersbackpack:iron_tier_upgrade":1,"minecraft:crafting_table":6,"minecraft:spruce_planks":48,"travelersbackpack:backpack_tank":2,"minecraft:wooden_pickaxe":1,"travelersbackpack:standard":1,"minecraft:smithing_table":3,"regions_unexplored:pine_boat":1,"minecraft:stone_axe":1,"minecraft:bread":42,"minecraft:air":0,"regions_unexplored:pine_planks":44,"minecraft:white_wool":3,"minecraft:stick":12,"minecraft:wooden_axe":1},"minecraft:custom":{"minecraft:interact_with_smithing_table":11,"lootr:looted_stat":135,"minecraft:mob_kills":76,"minecraft:animals_bred":1,"minecraft:interact_with_crafting_table":34,"minecraft:open_barrel":16,"minecraft:interact_with_campfire":1,"minecraft:damage_dealt_resisted":0,"minecraft:eat_cake_slice":1,"minecraft:leave_game":3,"minecraft:time_since_death":125750,"minecraft:climb_one_cm":5034,"minecraft:sprint_one_cm":187477,"minecraft:walk_one_cm":495065,"minecraft:damage_blocked_by_shield":671,"minecraft:drop":45,"minecraft:talked_to_villager":2,"minecraft:play_time":125750,"minecraft:sneak_time":4106,"minecraft:walk_under_water_one_cm":36017,"minecraft:boat_one_cm":74889,"minecraft:jump":1750,"minecraft:interact_with_blast_furnace":2,"minecraft:walk_on_water_one_cm":24358,"minecraft:total_world_time":125750,"minecraft:interact_with_furnace":10,"minecraft:tune_noteblock":11,"minecraft:interact_with_cartography_table":1,"minecraft:sleep_in_bed":1,"minecraft:hex":0,"minecraft:time_since_rest":92634,"minecraft:damage_taken":2700,"minecraft:damage_dealt":13195,"minecraft:swim_one_cm":85974,"minecraft:fly_one_cm":382709,"minecraft:open_chest":1,"minecraft:crouch_one_cm":12018,"minecraft:interact_with_smoker":3,"minecraft:fall_one_cm":34907},"minecraft:used":{"regions_unexplored:pine_planks":5,"minecraft:stone_sword":84,"immersive_armors:warrior_leggings":1,"spellbladenext:monkeystaff":156,"minecraft:spruce_planks":16,"minecraft:shield":31,"minecraft:iron_chestplate":1,"simplyswords:diamond_scythe":9,"paladins:golden_mace":21,"minecraft:spruce_wood":3,"minecraft:iron_axe":6,"minecraft:bow":1,"immersive_armors:prismarine_helmet":1,"minecraft:furnace":1,"minecraft:stone_pickaxe":70,"minecraft:wooden_pickaxe":26,"minecraft:crafting_table":7,"regions_unexplored:pine_boat":1,"minecraft:bread":40,"minecraft:iron_pickaxe":143,"minecraft:stone_axe":56,"simplyswords:diamond_chakram":149,"mcdw:gauntlet_soul_fists":19,"minecraft:cobblestone":14,"travelersbackpack:standard":4,"naturalist:cooked_duck":1,"minecraft:smithing_table":3,"minecraft:cooked_rabbit":3,"minecraft:pumpkin_pie":24,"beachparty:rubber_ring_pelican":2,"simplyswords:toxic_longsword":72},"minecraft:killed":{"minecraft:vindicator":12,"minecraft:spider":2,"naturalist:duck":2,"naturalist:boar":2,"minecraft:skeleton":2,"minecraft:silverfish":5,"aquamirae:maw":1,"mythicmobs:drake":1,"minecraft:pillager":18,"minecraft:zombie":5,"minecraft:stray":15,"minecraft:cow":6},"minecraft:dropped":{"minecraft:iron_ingot":25,"minecraft:wheat_seeds":2,"minecraft:cobblestone":12,"minecraft:leather_helmet":1,"minecraft:flint":34,"minecraft:dirt":1,"mcdw:gauntlet_soul_fists":1,"minecraft:wooden_axe":1,"travelersbackpack:blank_upgrade":1,"regions_unexplored:spruce_shrub":1,"minecraft:string":7,"fishofthieves:grubs":1,"regions_unexplored:pine_planks":3,"minecraft:stone_sword":1,"minecraft:wheat":2,"minecraft:filled_map":1,"minecraft:spruce_planks":28,"minecraft:iron_chestplate":1,"minecraft:chest":1,"minecraft:spruce_wood":9,"minecraft:spider_eye":1,"minecraft:glass":2,"minecraft:bow":1,"minecraft:wooden_pickaxe":1,"minecraft:stone_pickaxe":1,"minecraft:bell":2},"minecraft:picked_up":{"minecraft:charcoal":1,"minecraft:crafting_table":2,"minecraft:smithing_table":1,"minecraft:chain":2,"minecraft:string":9,"regions_unexplored:spruce_shrub":2,"regions_unexplored:pine_log":40,"minecraft:spruce_planks":32,"minecraft:beef":12,"minecraft:chest":1,"minecraft:spruce_trapdoor":1,"naturalist:cooked_duck":1,"minecraft:furnace":1,"naturalist:duck":1,"minecraft:tipped_arrow":4,"minecraft:raw_iron":28,"minecraft:stick":3,"minecraft:sandstone":2,"minecraft:spruce_fence":1,"minecraft:porkchop":3,"minecraft:arrow":13,"minecraft:rotten_flesh":4,"minecraft:hay_block":13,"minecraft:cobblestone":63,"minecraft:feather":1,"minecraft:leather":7,"minecraft:golden_leggings":1,"minecraft:flint":34,"fishofthieves:grubs":1,"minecraft:oak_log":2,"minecraft:blue_bed":1,"minecraft:dirt":2,"minecraft:lantern":1,"minecraft:glass":16,"minecraft:bone":8,"frostiful:frost_tipped_arrow":10,"minecraft:stone_bricks":1,"minecraft:wheat_seeds":2,"minecraft:bell":2,"minecraft:spruce_wood":19,"minecraft:iron_ingot":25,"fishofthieves:earthworms":1,"regions_unexplored:pine_boat":1,"twigs:twig":3,"minecraft:book":6,"regions_unexplored:pine_sapling":8,"regions_unexplored:pine_planks":1,"minecraft:sand":26,"minecraft:stripped_spruce_log":2,"minecraft:spruce_sapling":1,"mcdw:gauntlet_soul_fists":1,"minecraft:spruce_log":5,"minecraft:leather_helmet":2,"minecraft:spider_eye":1,"minecraft:mossy_cobblestone":1,"minecraft:crossbow":1,"minecraft:emerald":1,"minecraft:damaged_anvil":1,"minecraft:coal":93},"minecraft:mined":{"regions_unexplored:spruce_shrub":1,"minecraft:spruce_planks":4,"minecraft:mossy_cobblestone":2,"minecraft:spruce_trapdoor":1,"minecraft:purple_terracotta":1,"minecraft:spruce_fence":1,"minecraft:jungle_planks":3,"minecraft:spruce_leaves":5,"regions_unexplored:pine_planks":1,"minecraft:sandstone":2,"minecraft:chiseled_stone_bricks":2,"minecraft:spawner":2,"minecraft:hay_block":14,"minecraft:furnace":1,"minecraft:iron_ore":28,"frostiful:cold_sun_lichen":1,"minecraft:stripped_spruce_log":2,"treechop:chopped_log":6,"regions_unexplored:frozen_grass":2,"regions_unexplored:larch_leaves":5,"minecraft:bookshelf":2,"minecraft:vine":1,"minecraft:quartz_slab":1,"minecraft:packed_ice":13,"regions_unexplored:medium_grass":1,"minecraft:spruce_wood":10,"minecraft:stone":56,"minecraft:smithing_table":1,"minecraft:glass_pane":2,"minecraft:infested_stone_bricks":1,"minecraft:stone_brick_slab":1,"minecraft:polished_granite":1,"minecraft:powder_snow":4,"minecraft:crafting_table":2,"minecraft:cobblestone":6,"minecraft:damaged_anvil":1,"minecraft:blue_bed":1,"minecraft:spruce_stairs":1,"minecraft:chain":2,"minecraft:ice":8,"minecraft:oak_log":2,"minecraft:coal_ore":94,"minecraft:sand":20,"minecraft:dirt":2,"minecraft:crimson_planks":1,"minecraft:cobweb":3,"minecraft:stone_bricks":1,"minecraft:dispenser":2}},"DataVersion":3465}