{"stats":{"minecraft:broken":{"minecraft:bow":1,"paladins:golden_mace":1,"minecraft:golden_leggings":1},"minecraft:dropped":{"minecraft:wheat_seeds":2,"regions_unexplored:pine_planks":3,"minecraft:stone_sword":1,"minecraft:wheat":2,"minecraft:cobblestone":11,"minecraft:filled_map":1,"minecraft:dirt":1,"minecraft:wooden_axe":1,"minecraft:spider_eye":1,"minecraft:wooden_pickaxe":1,"minecraft:stone_pickaxe":1,"regions_unexplored:spruce_shrub":1},"minecraft:custom":{"minecraft:interact_with_smithing_table":1,"minecraft:interact_with_furnace":1,"lootr:looted_stat":57,"minecraft:mob_kills":54,"minecraft:animals_bred":1,"minecraft:interact_with_crafting_table":8,"minecraft:interact_with_campfire":1,"minecraft:damage_dealt_resisted":0,"minecraft:leave_game":1,"minecraft:time_since_death":69256,"minecraft:sleep_in_bed":1,"minecraft:climb_one_cm":5034,"minecraft:hex":0,"minecraft:time_since_rest":36140,"minecraft:sprint_one_cm":125879,"minecraft:damage_taken":1862,"minecraft:walk_one_cm":297337,"minecraft:damage_blocked_by_shield":561,"minecraft:drop":24,"minecraft:damage_dealt":8637,"minecraft:swim_one_cm":14846,"minecraft:talked_to_villager":2,"minecraft:fly_one_cm":255782,"minecraft:open_chest":1,"minecraft:crouch_one_cm":7583,"minecraft:play_time":69256,"minecraft:sneak_time":2422,"minecraft:walk_under_water_one_cm":8880,"minecraft:boat_one_cm":74889,"minecraft:jump":1056,"minecraft:walk_on_water_one_cm":4488,"minecraft:total_world_time":69256,"minecraft:interact_with_smoker":1,"minecraft:fall_one_cm":20977},"minecraft:killed":{"minecraft:vindicator":7,"minecraft:spider":2,"naturalist:duck":2,"minecraft:skeleton":2,"minecraft:pillager":9,"minecraft:zombie":5,"minecraft:stray":15,"minecraft:silverfish":5,"minecraft:cow":3},"minecraft:picked_up":{"minecraft:crafting_table":2,"minecraft:feather":1,"minecraft:leather":2,"minecraft:golden_leggings":1,"minecraft:oak_log":2,"minecraft:blue_bed":1,"minecraft:string":2,"minecraft:dirt":1,"minecraft:lantern":1,"regions_unexplored:spruce_shrub":2,"minecraft:bone":8,"frostiful:frost_tipped_arrow":10,"minecraft:wheat_seeds":2,"regions_unexplored:pine_log":40,"minecraft:beef":5,"twigs:twig":3,"regions_unexplored:pine_boat":1,"naturalist:cooked_duck":1,"minecraft:book":6,"minecraft:tipped_arrow":4,"minecraft:stick":2,"minecraft:raw_iron":6,"naturalist:duck":1,"regions_unexplored:pine_sapling":8,"minecraft:stripped_spruce_log":2,"minecraft:spruce_sapling":1,"minecraft:spruce_log":4,"minecraft:spider_eye":1,"minecraft:mossy_cobblestone":1,"minecraft:arrow":12,"minecraft:rotten_flesh":4,"minecraft:hay_block":13,"minecraft:crossbow":1,"minecraft:emerald":1,"minecraft:coal":47,"minecraft:cobblestone":42},"minecraft:mined":{"regions_unexplored:spruce_shrub":1,"minecraft:glass_pane":2,"minecraft:mossy_cobblestone":2,"minecraft:infested_stone_bricks":1,"minecraft:stone_brick_slab":1,"minecraft:polished_granite":1,"minecraft:powder_snow":4,"minecraft:crafting_table":2,"minecraft:cobblestone":3,"minecraft:spruce_leaves":4,"minecraft:blue_bed":1,"minecraft:chain":2,"minecraft:chiseled_stone_bricks":2,"minecraft:spawner":2,"minecraft:spruce_stairs":1,"minecraft:hay_block":14,"minecraft:iron_ore":6,"minecraft:ice":8,"frostiful:cold_sun_lichen":1,"minecraft:stripped_spruce_log":2,"treechop:chopped_log":6,"regions_unexplored:frozen_grass":2,"minecraft:bookshelf":2,"minecraft:coal_ore":48,"minecraft:oak_log":2,"minecraft:vine":1,"minecraft:dirt":1,"minecraft:packed_ice":1,"minecraft:cobweb":3,"regions_unexplored:medium_grass":1,"minecraft:stone":39},"minecraft:used":{"minecraft:stone_sword":84,"minecraft:stone_pickaxe":70,"minecraft:wooden_pickaxe":26,"minecraft:shield":29,"minecraft:crafting_table":4,"simplyswords:diamond_scythe":6,"paladins:golden_mace":21,"regions_unexplored:pine_boat":1,"minecraft:bread":40,"minecraft:iron_pickaxe":24,"simplyswords:diamond_chakram":101,"minecraft:stone_axe":56,"mcdw:gauntlet_soul_fists":19,"minecraft:cobblestone":2,"minecraft:bow":1,"naturalist:cooked_duck":1,"immersive_armors:prismarine_helmet":1,"minecraft:cooked_rabbit":3,"simplyswords:toxic_longsword":57},"minecraft:crafted":{"minecraft:oak_planks":8,"minecraft:crafting_table":3,"minecraft:spruce_planks":16,"minecraft:wooden_pickaxe":1,"regions_unexplored:pine_boat":1,"minecraft:stone_axe":1,"minecraft:bread":42,"regions_unexplored:pine_planks":12,"minecraft:stick":8,"minecraft:stone_pickaxe":1,"minecraft:wooden_axe":1,"regions_unexplored:pine_wood":3,"minecraft:wheat":117}},"DataVersion":3465}