{"stats":{"minecraft:crafted":{"minecraft:oak_planks":16,"travelersbackpack:standard":1,"minecraft:smithing_table":1,"minecraft:stone_axe":1,"travelersbackpack:gold_tier_upgrade":1,"minecraft:stick":4,"minecraft:chest":1,"minecraft:torch":4},"minecraft:custom":{"minecraft:interact_with_smithing_table":3,"minecraft:interact_with_furnace":3,"lootr:looted_stat":17,"minecraft:mob_kills":13,"minecraft:tune_noteblock":4,"minecraft:interact_with_crafting_table":11,"minecraft:open_barrel":1,"minecraft:eat_cake_slice":4,"minecraft:interact_with_grindstone":1,"minecraft:leave_game":2,"minecraft:time_since_death":17098,"minecraft:sleep_in_bed":2,"minecraft:climb_one_cm":4375,"minecraft:hex":0,"minecraft:time_since_rest":17207,"minecraft:sprint_one_cm":134909,"minecraft:damage_taken":2042,"minecraft:walk_one_cm":147475,"minecraft:damage_blocked_by_shield":326,"minecraft:drop":19,"minecraft:damage_dealt":2004,"minecraft:swim_one_cm":16357,"minecraft:fly_one_cm":252946,"minecraft:open_chest":1,"minecraft:crouch_one_cm":550,"minecraft:play_time":67117,"minecraft:deaths":4,"minecraft:sneak_time":163,"minecraft:walk_under_water_one_cm":9632,"minecraft:boat_one_cm":68812,"minecraft:jump":1130,"minecraft:walk_on_water_one_cm":10752,"minecraft:threat":2,"minecraft:interact_with_smoker":1,"minecraft:total_world_time":67117,"minecraft:fall_one_cm":25610,"minecraft:inspect_dispenser":1},"minecraft:used":{"regions_unexplored:pine_planks":2,"minecraft:stone_sword":28,"minecraft:chest":1,"minecraft:shield":14,"minecraft:iron_sword":8,"spellbladenext:crystal_cutlass":15,"minecraft:leather_boots":1,"minecraft:torch":5,"minecraft:dirt":9,"minecraft:crafting_table":1,"simplyswords:diamond_sai":10,"paladins:crusader_armor_feet":1,"minecraft:bread":15,"minecraft:stone_axe":33,"minecraft:bow":7,"travelersbackpack:standard":6,"minecraft:smithing_table":1,"minecraft:cooked_rabbit":2},"minecraft:killed_by":{"minecraft:stray":1},"minecraft:killed":{"bewitchment:ghost":1,"minecraft:pillager":2,"minecraft:zombie":5,"minecraft:stray":4,"minecraft:silverfish":1},"minecraft:dropped":{"minecraft:cobblestone":8,"minecraft:oak_planks":6,"minecraft:apple":3,"minecraft:golden_leggings":1,"minecraft:sand":8,"minecraft:paper":15,"twigs:twig":6,"minecraft:spruce_sapling":5},"minecraft:picked_up":{"minecraft:crafting_table":1,"minecraft:oak_log":4,"minecraft:dirt":11,"minecraft:bone":1,"frostiful:frost_tipped_arrow":4,"minecraft:apple":3,"minecraft:bow":1,"regions_unexplored:pine_log":27,"fishofthieves:earthworms":2,"twigs:twig":7,"minecraft:chest":1,"travelersbackpack:blank_upgrade":1,"minecraft:tipped_arrow":1,"minecraft:stick":14,"regions_unexplored:pine_sapling":1,"minecraft:torch":5,"minecraft:spruce_stairs":1,"minecraft:sand":8,"minecraft:spruce_sapling":5,"minecraft:spruce_log":12,"minecraft:arrow":9,"minecraft:rotten_flesh":5,"minecraft:hay_block":1,"minecraft:bread":1,"minecraft:coal":1,"minecraft:cobblestone":11},"minecraft:mined":{"minecraft:powder_snow":17,"minecraft:crafting_table":1,"minecraft:torch":5,"minecraft:grass_block":1,"minecraft:chest":1,"minecraft:ice":3,"treechop:chopped_log":4,"minecraft:dirt":9,"minecraft:sand":8}},"DataVersion":3465}