{"stats":{"minecraft:dropped":{"minecraft:apple":3},"minecraft:custom":{"minecraft:time_since_rest":140,"minecraft:interact_with_smithing_table":1,"lootr:looted_stat":4,"minecraft:sprint_one_cm":67888,"minecraft:damage_taken":973,"minecraft:walk_one_cm":68232,"minecraft:damage_blocked_by_shield":206,"minecraft:mob_kills":5,"minecraft:drop":3,"minecraft:damage_dealt":855,"minecraft:swim_one_cm":12295,"minecraft:interact_with_crafting_table":3,"minecraft:fly_one_cm":149368,"minecraft:crouch_one_cm":527,"minecraft:play_time":31976,"minecraft:deaths":2,"minecraft:sneak_time":107,"minecraft:walk_under_water_one_cm":9241,"minecraft:boat_one_cm":68812,"minecraft:jump":567,"minecraft:interact_with_grindstone":1,"minecraft:leave_game":1,"minecraft:time_since_death":12968,"minecraft:walk_on_water_one_cm":7979,"minecraft:sleep_in_bed":2,"minecraft:interact_with_smoker":1,"minecraft:total_world_time":31976,"minecraft:hex":0,"minecraft:fall_one_cm":11465},"minecraft:killed":{"minecraft:zombie":5},"minecraft:picked_up":{"minecraft:stick":2,"minecraft:crafting_table":1,"regions_unexplored:pine_sapling":1,"minecraft:spruce_stairs":1,"minecraft:sand":8,"minecraft:oak_log":4,"minecraft:dirt":10,"minecraft:apple":3,"minecraft:rotten_flesh":5,"regions_unexplored:pine_log":27,"minecraft:hay_block":1,"fishofthieves:earthworms":2,"minecraft:bread":1,"twigs:twig":1,"minecraft:coal":1,"minecraft:cobblestone":11},"minecraft:mined":{"minecraft:ice":3,"minecraft:powder_snow":17,"treechop:chopped_log":3,"minecraft:crafting_table":1,"minecraft:sand":8,"minecraft:dirt":9},"minecraft:used":{"minecraft:stone_sword":28,"minecraft:bread":7,"minecraft:shield":9,"minecraft:stone_axe":22,"minecraft:dirt":9,"minecraft:crafting_table":1},"minecraft:crafted":{"minecraft:oak_planks":16,"minecraft:stick":4,"minecraft:stone_axe":1}},"DataVersion":3465}