{"stats":{"minecraft:crafted":{"minecraft:oak_planks":16,"travelersbackpack:standard":1,"minecraft:smithing_table":1,"minecraft:stone_axe":1,"travelersbackpack:gold_tier_upgrade":1,"minecraft:stick":4,"minecraft:chest":1,"minecraft:torch":4},"minecraft:custom":{"minecraft:interact_with_smithing_table":3,"minecraft:interact_with_furnace":4,"lootr:looted_stat":34,"minecraft:mob_kills":16,"minecraft:interact_with_cartography_table":1,"minecraft:tune_noteblock":5,"minecraft:interact_with_crafting_table":11,"minecraft:open_barrel":2,"minecraft:damage_dealt_resisted":17,"minecraft:eat_cake_slice":4,"minecraft:interact_with_grindstone":1,"minecraft:leave_game":2,"minecraft:time_since_death":16845,"minecraft:sleep_in_bed":4,"minecraft:climb_one_cm":9261,"minecraft:hex":0,"minecraft:time_since_rest":3558,"minecraft:sprint_one_cm":198368,"minecraft:damage_taken":2871,"minecraft:walk_one_cm":234390,"minecraft:damage_blocked_by_shield":326,"minecraft:drop":19,"minecraft:damage_dealt":3230,"minecraft:talked_to_villager":3,"minecraft:swim_one_cm":22814,"minecraft:fly_one_cm":337396,"minecraft:open_chest":1,"minecraft:crouch_one_cm":1335,"minecraft:play_time":91117,"minecraft:deaths":5,"minecraft:sneak_time":360,"minecraft:walk_under_water_one_cm":11645,"minecraft:boat_one_cm":68812,"minecraft:interact_with_lectern":4,"minecraft:jump":1610,"minecraft:walk_on_water_one_cm":11266,"minecraft:threat":8,"minecraft:interact_with_smoker":2,"minecraft:total_world_time":91117,"minecraft:fall_one_cm":42188,"minecraft:inspect_dispenser":1},"minecraft:used":{"regions_unexplored:pine_planks":16,"minecraft:stone_sword":28,"minecraft:spruce_door":1,"minecraft:chest":1,"minecraft:shield":14,"minecraft:iron_sword":12,"spellbladenext:crystal_cutlass":41,"minecraft:leather_boots":1,"minecraft:torch":5,"minecraft:dirt":10,"minecraft:crafting_table":1,"minecraft:spruce_stairs":2,"simplyswords:diamond_sai":10,"naturalist:cooked_bass":1,"paladins:crusader_armor_feet":1,"minecraft:bread":23,"mcdw:dagger_backstabber":2,"minecraft:spruce_trapdoor":1,"minecraft:stone_axe":33,"minecraft:bow":7,"travelersbackpack:standard":6,"minecraft:smithing_table":1,"minecraft:cooked_rabbit":2,"minecraft:experience_bottle":1},"minecraft:killed_by":{"minecraft:stray":1,"soulsweapons:draugr_boss":1},"minecraft:killed":{"bewitchment:ghost":1,"minecraft:pillager":4,"minecraft:zombie":6,"minecraft:stray":4,"minecraft:silverfish":1},"minecraft:dropped":{"minecraft:cobblestone":8,"minecraft:oak_planks":6,"minecraft:apple":3,"minecraft:golden_leggings":1,"minecraft:sand":8,"minecraft:paper":15,"twigs:twig":6,"minecraft:spruce_sapling":5},"minecraft:picked_up":{"minecraft:crafting_table":1,"minecraft:stripped_spruce_wood":14,"minecraft:oak_log":4,"minecraft:dirt":11,"minecraft:bone":1,"frostiful:frost_tipped_arrow":4,"minecraft:apple":3,"minecraft:bow":1,"regions_unexplored:pine_log":27,"fishofthieves:earthworms":2,"twigs:twig":7,"minecraft:chest":1,"minecraft:spruce_trapdoor":1,"travelersbackpack:blank_upgrade":1,"minecraft:tipped_arrow":1,"minecraft:stick":14,"regions_unexplored:pine_sapling":1,"minecraft:torch":5,"minecraft:spruce_stairs":1,"minecraft:spruce_fence":2,"minecraft:sand":8,"minecraft:spruce_sapling":5,"minecraft:spruce_log":13,"minecraft:spruce_door":1,"minecraft:arrow":10,"minecraft:rotten_flesh":5,"minecraft:hay_block":1,"minecraft:crossbow":1,"minecraft:emerald":1,"minecraft:bread":1,"minecraft:coal":1,"minecraft:cobblestone":11},"minecraft:mined":{"minecraft:powder_snow":17,"minecraft:spruce_trapdoor":1,"minecraft:crafting_table":1,"minecraft:torch":5,"minecraft:spruce_fence":2,"minecraft:grass_block":1,"minecraft:chest":1,"minecraft:spruce_leaves":2,"minecraft:ice":3,"treechop:chopped_log":4,"regions_unexplored:larch_leaves":1,"minecraft:dirt":9,"minecraft:sand":8,"regions_unexplored:medium_grass":1}},"DataVersion":3465}