{"stats":{"minecraft:custom":{"minecraft:time_since_rest":1001,"minecraft:crouch_one_cm":81,"minecraft:play_time":19976,"lootr:looted_stat":1,"minecraft:sprint_one_cm":44028,"minecraft:deaths":2,"minecraft:damage_taken":743,"minecraft:walk_one_cm":30161,"minecraft:sneak_time":10,"minecraft:damage_blocked_by_shield":206,"minecraft:mob_kills":2,"minecraft:jump":355,"minecraft:damage_dealt":368,"minecraft:leave_game":1,"minecraft:time_since_death":968,"minecraft:total_world_time":19976,"minecraft:hex":0,"minecraft:fall_one_cm":7189,"minecraft:interact_with_crafting_table":3,"minecraft:fly_one_cm":84659},"minecraft:killed":{"minecraft:zombie":2},"minecraft:picked_up":{"minecraft:stick":2,"minecraft:crafting_table":1,"minecraft:rotten_flesh":4,"regions_unexplored:pine_sapling":1,"regions_unexplored:pine_log":27,"minecraft:sand":8,"fishofthieves:earthworms":2,"minecraft:oak_log":4,"twigs:twig":1,"minecraft:coal":1,"minecraft:dirt":9,"minecraft:cobblestone":11},"minecraft:mined":{"minecraft:dirt":9,"minecraft:sand":8,"minecraft:powder_snow":17,"treechop:chopped_log":3,"minecraft:crafting_table":1},"minecraft:used":{"minecraft:dirt":8,"minecraft:stone_axe":22,"minecraft:stone_sword":12,"minecraft:bread":4,"minecraft:shield":9},"minecraft:crafted":{"minecraft:oak_planks":16,"minecraft:stone_axe":1,"minecraft:stick":4}},"DataVersion":3465}