{"stats":{"minecraft:custom":{"minecraft:jump":136,"minecraft:time_since_rest":7976,"minecraft:damage_dealt":368,"lootr:looted_stat":1,"minecraft:sprint_one_cm":21869,"minecraft:leave_game":1,"minecraft:play_time":7976,"minecraft:damage_taken":333,"minecraft:time_since_death":7976,"minecraft:walk_one_cm":13686,"minecraft:damage_blocked_by_shield":206,"minecraft:total_world_time":7976,"minecraft:hex":0,"minecraft:mob_kills":2,"minecraft:fall_one_cm":1639,"minecraft:fly_one_cm":34242},"minecraft:killed":{"minecraft:zombie":2},"minecraft:picked_up":{"minecraft:rotten_flesh":4},"minecraft:used":{"minecraft:bread":4,"minecraft:shield":9,"minecraft:stone_sword":12}},"DataVersion":3465}