{"stats":{"minecraft:crafted":{"minecraft:oak_planks":16,"minecraft:stick":4,"minecraft:chest":1,"minecraft:torch":4,"minecraft:stone_axe":1},"minecraft:used":{"minecraft:stone_sword":28,"minecraft:bread":13,"minecraft:chest":1,"minecraft:shield":14,"minecraft:iron_sword":8,"minecraft:torch":5,"minecraft:dirt":9,"minecraft:stone_axe":23,"minecraft:bow":7,"minecraft:crafting_table":1,"simplyswords:diamond_sai":10,"minecraft:cooked_rabbit":2},"minecraft:custom":{"minecraft:interact_with_smithing_table":1,"minecraft:time_since_rest":5207,"lootr:looted_stat":13,"minecraft:sprint_one_cm":112549,"minecraft:damage_taken":1975,"minecraft:walk_one_cm":125793,"minecraft:damage_blocked_by_shield":326,"minecraft:mob_kills":10,"minecraft:drop":8,"minecraft:damage_dealt":1351,"minecraft:interact_with_crafting_table":4,"minecraft:swim_one_cm":12295,"minecraft:fly_one_cm":224536,"minecraft:open_chest":1,"minecraft:play_time":55117,"minecraft:crouch_one_cm":550,"minecraft:sneak_time":163,"minecraft:deaths":4,"minecraft:walk_under_water_one_cm":9241,"minecraft:boat_one_cm":68812,"minecraft:jump":939,"minecraft:interact_with_grindstone":1,"minecraft:leave_game":2,"minecraft:time_since_death":5098,"minecraft:walk_on_water_one_cm":7979,"minecraft:sleep_in_bed":2,"minecraft:total_world_time":55117,"minecraft:interact_with_smoker":1,"minecraft:climb_one_cm":4375,"minecraft:hex":0,"minecraft:fall_one_cm":21614},"minecraft:killed_by":{"minecraft:stray":1},"minecraft:killed":{"minecraft:zombie":5,"minecraft:stray":4,"minecraft:silverfish":1},"minecraft:dropped":{"minecraft:golden_leggings":1,"minecraft:cobblestone":8,"minecraft:oak_planks":6,"minecraft:apple":3,"minecraft:sand":8,"minecraft:paper":15},"minecraft:picked_up":{"minecraft:tipped_arrow":1,"minecraft:stick":14,"minecraft:crafting_table":1,"regions_unexplored:pine_sapling":1,"minecraft:torch":5,"minecraft:spruce_stairs":1,"minecraft:sand":8,"minecraft:oak_log":4,"minecraft:dirt":10,"minecraft:bone":1,"minecraft:arrow":6,"frostiful:frost_tipped_arrow":4,"minecraft:rotten_flesh":5,"minecraft:apple":3,"minecraft:bow":1,"regions_unexplored:pine_log":27,"minecraft:hay_block":1,"fishofthieves:earthworms":2,"minecraft:bread":1,"twigs:twig":2,"minecraft:chest":1,"minecraft:coal":1,"minecraft:cobblestone":11},"minecraft:mined":{"minecraft:ice":3,"minecraft:powder_snow":17,"treechop:chopped_log":3,"minecraft:crafting_table":1,"minecraft:torch":5,"minecraft:chest":1,"minecraft:sand":8,"minecraft:dirt":9}},"DataVersion":3465}