{"stats":{"minecraft:dropped":{"minecraft:golden_leggings":1,"minecraft:cobblestone":8,"minecraft:oak_planks":6,"minecraft:apple":3,"minecraft:sand":8},"minecraft:custom":{"minecraft:time_since_rest":1109,"minecraft:interact_with_smithing_table":1,"lootr:looted_stat":10,"minecraft:sprint_one_cm":95328,"minecraft:damage_taken":1279,"minecraft:walk_one_cm":106393,"minecraft:damage_blocked_by_shield":206,"minecraft:mob_kills":8,"minecraft:drop":7,"minecraft:damage_dealt":1152,"minecraft:swim_one_cm":12295,"minecraft:interact_with_crafting_table":4,"minecraft:fly_one_cm":200168,"minecraft:open_chest":1,"minecraft:crouch_one_cm":550,"minecraft:play_time":43976,"minecraft:deaths":3,"minecraft:sneak_time":131,"minecraft:walk_under_water_one_cm":9241,"minecraft:boat_one_cm":68812,"minecraft:jump":777,"minecraft:interact_with_grindstone":1,"minecraft:leave_game":1,"minecraft:time_since_death":1076,"minecraft:walk_on_water_one_cm":7979,"minecraft:sleep_in_bed":2,"minecraft:climb_one_cm":834,"minecraft:interact_with_smoker":1,"minecraft:total_world_time":43976,"minecraft:hex":0,"minecraft:fall_one_cm":16518},"minecraft:killed_by":{"minecraft:stray":1},"minecraft:killed":{"minecraft:zombie":5,"minecraft:stray":2,"minecraft:silverfish":1},"minecraft:picked_up":{"minecraft:tipped_arrow":1,"minecraft:stick":2,"minecraft:crafting_table":1,"regions_unexplored:pine_sapling":1,"minecraft:spruce_stairs":1,"minecraft:sand":8,"minecraft:oak_log":4,"minecraft:dirt":10,"frostiful:frost_tipped_arrow":1,"minecraft:apple":3,"minecraft:rotten_flesh":5,"minecraft:bow":1,"regions_unexplored:pine_log":27,"minecraft:hay_block":1,"fishofthieves:earthworms":2,"minecraft:bread":1,"twigs:twig":1,"minecraft:chest":1,"minecraft:coal":1,"minecraft:cobblestone":11},"minecraft:mined":{"minecraft:ice":3,"minecraft:powder_snow":17,"treechop:chopped_log":3,"minecraft:crafting_table":1,"minecraft:chest":1,"minecraft:sand":8,"minecraft:dirt":9},"minecraft:used":{"minecraft:stone_sword":28,"minecraft:bread":10,"minecraft:chest":1,"minecraft:shield":9,"minecraft:iron_sword":8,"minecraft:stone_axe":23,"minecraft:dirt":9,"minecraft:bow":1,"minecraft:crafting_table":1,"simplyswords:diamond_sai":3},"minecraft:crafted":{"minecraft:oak_planks":16,"minecraft:stick":4,"minecraft:chest":1,"minecraft:stone_axe":1}},"DataVersion":3465}